Cohorte,"Número de estudiante","Código Plan","Último Logro","Fecha Logro","Última toma de ramos"
2005-01,2689,HF01,INGRESO,2005-01,2024-01
2006-01,3353,DV02,8,2023-02,2024-01
2008-01,1400,HF02,LICENCIATURA,2024-01,2024-01
2020-01,1653,DS03,INGRESO,2020-01,2024-01
2009-01,1233,DV02,LICENCIATURA,2024-01,2024-01
2010-01,704,DS03,4,2023-01,2024-01
2012-01,2601,HF02,8,2022-02,2024-01
2013-01,3127,HF02,LICENCIATURA,2024-01,2024-01
2013-01,897,DS03,9,2020-02,2024-01
2014-01,2430,DV02,LICENCIATURA,2024-01,2024-01
2014-01,2667,DV02,4,2021-02,2024-01
2015-01,2994,DV02,6,2023-02,2024-01
2015-01,2525,DV02,7,2021-02,2024-01
2015-01,3426,DV02,5,2023-02,2024-01
2016-01,1172,DS03,7,2023-01,2024-01
2016-01,2704,DV02,LICENCIATURA,2024-01,2024-01
2016-01,3665,HF02,3,2020-02,2024-01
2016-01,3428,DV02,INGRESO,2023-02,2024-01
2017-01,2794,DV02,9,2023-02,2024-01
2017-01,3871,HF02,LICENCIATURA,2024-01,2024-01
2017-01,3884,HF02,5,2023-02,2024-01
2017-01,3854,HF02,LICENCIATURA,2024-01,2024-01
2017-01,3939,HF02,8,2023-02,2024-01
2017-01,3990,HF02,LICENCIATURA,2024-01,2024-01
2017-01,2786,DV02,7,2023-01,2024-01
2017-01,1273,DS03,4,2023-01,2024-01
2017-01,1308,DS03,5,2022-02,2024-01
2017-01,3173,DV02,4,2023-02,2024-01
2017-01,1281,DS03,6,2023-02,2024-01
2017-01,2770,DV02,LICENCIATURA,2024-01,2024-01
2017-01,1332,DS03,9,2023-02,2024-01
2017-01,3257,DV02,6,2023-02,2024-01
2017-01,3235,DV02,8,2023-02,2024-01
2017-01,3593,DV02,2,2024-01,2024-01
2018-01,4098,HF02,8,2022-01,2024-01
2018-01,4095,HF02,LICENCIATURA,2024-01,2024-01
2018-01,4192,HF02,7,2023-01,2024-01
2018-01,4176,HF02,5,2023-01,2024-01
2018-01,1444,DS03,5,2023-02,2024-01
2018-01,3260,DV02,7,2023-02,2024-01
2018-01,4159,HF02,7,2023-01,2024-01
2018-01,4100,HF02,5,2023-02,2024-01
2018-01,4080,HF02,7,2023-01,2024-01
2018-01,4082,HF02,7,2023-02,2024-01
2018-01,4076,HF02,7,2023-01,2024-01
2018-01,1355,DS03,6,2023-02,2024-01
2018-01,4102,HF02,8,2023-02,2024-01
2018-01,4061,HF02,7,2023-01,2024-01
2018-01,1419,DS03,9,2023-02,2024-01
2018-01,1434,DS03,4,2021-02,2024-01
2018-01,2998,DV02,4,2022-02,2024-01
2018-01,1388,DS03,9,2023-02,2024-01
2018-01,1363,DS03,LICENCIATURA,2024-01,2024-01
2018-01,1448,DS03,8,2023-02,2024-01
2018-01,4168,HF02,2,2020-01,2024-01
2018-01,1461,DS03,5,2022-01,2024-01
2018-01,2876,DV02,9,2023-02,2024-01
2018-01,1382,DS03,9,2023-02,2024-01
2018-01,2880,DV02,5,2023-02,2024-01
2018-01,1432,DS03,9,2023-02,2024-01
2018-01,1395,DS03,8,2023-02,2024-01
2018-01,1460,DS03,5,2023-01,2024-01
2018-01,1391,DS03,4,2023-01,2024-01
2018-01,1411,DS03,6,2022-02,2024-01
2018-01,1386,DS03,9,2023-02,2024-01
2018-01,2929,DV02,4,2023-02,2024-01
2018-01,1380,DS03,4,2022-01,2024-01
2019-01,4253,HF02,8,2023-02,2024-01
2019-01,4295,HF02,7,2023-02,2024-01
2019-01,4291,HF02,8,2023-01,2024-01
2019-01,4349,HF02,7,2023-01,2024-01
2019-01,1518,DS03,5,2023-01,2024-01
2019-01,1485,DS03,7,2023-02,2024-01
2019-01,1509,DS03,7,2023-02,2024-01
2019-01,1488,DS03,4,2023-02,2024-01
2019-01,1506,DS03,9,2023-02,2024-01
2019-01,1592,DS03,7,2023-02,2024-01
2019-01,1551,DS03,8,2023-02,2024-01
2019-01,3059,DV02,5,2023-02,2024-01
2019-01,3054,DV02,5,2023-01,2024-01
2019-01,3088,DV02,5,2023-01,2024-01
2019-01,1554,DS03,7,2022-02,2024-01
2019-01,3078,DV02,7,2022-02,2024-01
2019-01,4339,HF02,8,2023-02,2024-01
2019-01,4248,HF02,9,2023-02,2024-01
2019-01,4357,HF02,8,2023-02,2024-01
2019-01,4372,HF02,7,2023-01,2024-01
2019-01,1556,DS03,5,2023-02,2024-01
2019-01,4226,HF02,4,2021-02,2024-01
2019-01,1584,DS03,8,2023-02,2024-01
2019-01,1552,DS03,7,2023-02,2024-01
2019-01,4213,HF02,7,2023-02,2024-01
2019-01,1559,DS03,INGRESO,2019-01,2024-01
2019-01,4351,HF02,4,2023-01,2024-01
2019-01,4292,HF02,4,2023-02,2024-01
2019-01,4294,HF02,7,2022-02,2024-01
2019-01,4222,HF02,7,2023-02,2024-01
2019-01,4309,HF02,7,2023-01,2024-01
2019-01,4241,HF02,7,2023-02,2024-01
2019-01,4276,HF02,3,2023-02,2024-01
2019-01,4263,HF02,2,2023-02,2024-01
2019-01,4373,HF02,8,2023-02,2024-01
2019-01,4335,HF02,7,2023-01,2024-01
2019-01,1490,DS03,7,2023-02,2024-01
2019-01,1524,DS03,5,2023-02,2024-01
2019-01,4312,HF02,7,2023-01,2024-01
2019-01,4270,HF02,9,2023-02,2024-01
2019-01,1491,DS03,8,2023-02,2024-01
2019-01,1549,DS03,6,2023-01,2024-01
2019-01,4259,HF02,5,2022-01,2024-01
2019-01,4240,HF02,2,2022-01,2024-01
2019-01,4345,HF02,6,2023-01,2024-01
2019-01,1489,DS03,8,2023-02,2024-01
2019-01,4355,HF02,4,2023-02,2024-01
2019-01,4340,HF02,4,2022-02,2024-01
2019-01,1501,DS03,5,2023-01,2024-01
2019-01,1597,DS03,7,2023-01,2024-01
2019-01,4305,HF02,7,2022-02,2024-01
2019-01,3081,DV02,9,2023-02,2024-01
2019-01,3035,DV02,7,2023-01,2024-01
2019-01,1500,DS03,INGRESO,2019-01,2024-01
2019-01,3069,DV02,2,2021-01,2024-01
2019-01,4343,HF02,8,2023-02,2024-01
2019-01,4298,HF02,6,2023-01,2024-01
2019-01,1543,DS03,5,2023-01,2024-01
2019-01,1581,DS03,1,2019-02,2024-01
2019-01,4250,HF02,8,2023-02,2024-01
2019-01,1591,DS03,9,2023-02,2024-01
2019-01,1515,DS03,7,2022-02,2024-01
2019-01,4341,HF02,8,2023-02,2024-01
2019-01,1563,DS03,8,2023-01,2024-01
2019-01,1553,DS03,5,2023-02,2024-01
2019-01,1590,DS03,INGRESO,2019-01,2024-01
2019-01,1587,DS03,7,2023-02,2024-01
2019-01,4233,HF02,8,2023-02,2024-01
2019-01,1502,DS03,7,2023-02,2024-01
2019-01,3031,DV02,7,2023-02,2024-01
2019-01,4953,HF02,7,2023-01,2024-01
2019-01,1561,DS03,7,2023-02,2024-01
2019-01,1578,DS03,7,2023-02,2024-01
2019-01,3058,DV02,7,2023-02,2024-01
2019-01,1593,DS03,6,2022-02,2024-01
2019-01,1583,DS03,7,2023-01,2024-01
2019-01,3045,DV02,7,2023-02,2024-01
2019-01,3062,DV02,7,2023-02,2024-01
2019-01,3039,DV02,7,2023-02,2024-01
2019-01,1521,DS03,3,2021-01,2024-01
2019-01,1512,DS03,8,2023-01,2024-01
2019-01,1596,DS03,5,2023-02,2024-01
2019-01,1517,DS03,2,2020-02,2024-01
2019-02,3096,DV02,4,2023-01,2024-01
2020-01,4407,HF02,4,2023-02,2024-01
2020-01,4516,HF02,5,2023-02,2024-01
2020-01,1606,DS03,5,2023-01,2024-01
2020-01,3118,DV02,8,2023-02,2024-01
2020-01,1664,DS03,1,2021-01,2024-01
2020-01,1647,DS03,INGRESO,2020-01,2024-01
2020-01,4417,HF02,5,2023-01,2024-01
2020-01,1659,DS03,8,2023-02,2024-01
2020-01,1705,DS03,7,2023-02,2024-01
2020-01,1620,DS03,7,2023-02,2024-01
2020-01,4416,HF02,7,2023-02,2024-01
2020-01,4402,HF02,7,2023-02,2024-01
2020-01,4497,HF02,8,2023-02,2024-01
2020-01,4404,HF02,8,2023-02,2024-01
2020-01,4492,HF02,8,2023-02,2024-01
2020-01,4472,HF02,7,2023-02,2024-01
2020-01,4413,HF02,7,2023-02,2024-01
2020-01,1615,DS03,7,2023-02,2024-01
2020-01,4449,HF02,4,2023-02,2024-01
2020-01,4485,HF02,8,2023-02,2024-01
2020-01,4517,HF02,8,2023-02,2024-01
2020-01,1696,DS03,7,2023-02,2024-01
2020-01,1666,DS03,6,2023-01,2024-01
2020-01,3115,DV02,7,2023-02,2024-01
2020-01,4476,HF02,8,2023-02,2024-01
2020-01,4403,HF02,7,2023-02,2024-01
2020-01,4484,HF02,6,2023-02,2024-01
2020-01,1611,DS03,7,2023-02,2024-01
2020-01,4494,HF02,7,2023-02,2024-01
2020-01,1644,DS03,8,2023-02,2024-01
2020-01,4452,HF02,6,2023-02,2024-01
2020-01,1702,DS03,7,2023-01,2024-01
2020-01,1629,DS03,8,2023-02,2024-01
2020-01,4477,HF02,7,2023-02,2024-01
2020-01,4490,HF02,8,2023-02,2024-01
2020-01,4420,HF02,8,2023-02,2024-01
2020-01,4428,HF02,7,2023-02,2024-01
2020-01,4422,HF02,5,2023-02,2024-01
2020-01,4397,HF02,6,2023-02,2024-01
2020-01,4500,HF02,7,2023-02,2024-01
2020-01,4423,HF02,6,2023-02,2024-01
2020-01,1684,DS03,5,2023-01,2024-01
2020-01,1663,DS03,4,2023-02,2024-01
2020-01,1645,DS03,5,2023-01,2024-01
2020-01,3098,DV02,8,2023-02,2024-01
2020-01,3119,DV02,7,2023-02,2024-01
2020-01,3168,DV02,6,2023-02,2024-01
2020-01,3140,DV02,6,2023-02,2024-01
2020-01,4436,HF02,INGRESO,2020-01,2024-01
2020-01,4502,HF02,5,2023-02,2024-01
2020-01,4508,HF02,8,2023-02,2024-01
2020-01,4480,HF02,7,2023-02,2024-01
2020-01,4414,HF02,7,2023-02,2024-01
2020-01,4513,HF02,7,2023-02,2024-01
2020-01,1689,DS03,5,2023-01,2024-01
2020-01,1609,DS03,6,2023-01,2024-01
2020-01,1712,DS03,5,2023-02,2024-01
2020-01,1646,DS03,5,2023-01,2024-01
2020-01,1671,DS03,5,2023-01,2024-01
2020-01,4426,HF02,1,2020-01,2024-01
2020-01,1656,DS03,4,2022-02,2024-01
2020-01,1654,DS03,INGRESO,2020-01,2024-01
2020-01,3138,DV02,3,2021-02,2024-01
2020-01,4442,HF02,4,2022-02,2024-01
2020-01,4432,HF02,3,2021-02,2024-01
2020-01,4519,HF02,5,2023-01,2024-01
2020-01,4488,HF02,8,2023-02,2024-01
2020-01,4533,HF02,8,2023-02,2024-01
2020-01,4399,HF02,7,2023-02,2024-01
2020-01,4491,HF02,8,2023-02,2024-01
2020-01,4474,HF02,4,2023-01,2024-01
2020-01,4450,HF02,5,2023-01,2024-01
2020-01,4511,HF02,6,2023-02,2024-01
2020-01,1695,DS03,5,2023-01,2024-01
2020-01,1704,DS03,8,2023-02,2024-01
2020-01,1661,DS03,7,2023-02,2024-01
2020-01,1717,DS03,7,2023-02,2024-01
2020-01,4521,HF02,3,2023-01,2024-01
2020-01,3114,DV02,8,2023-02,2024-01
2020-01,4462,HF02,2,2021-02,2024-01
2020-01,1708,DS03,4,2022-01,2024-01
2020-01,3144,DV02,3,2021-01,2024-01
2020-01,4439,HF02,5,2023-01,2024-01
2020-01,4435,HF02,7,2023-01,2024-01
2020-01,4446,HF02,5,2023-02,2024-01
2020-01,4529,HF02,7,2023-02,2024-01
2020-01,4451,HF02,5,2023-02,2024-01
2020-01,4418,HF02,3,2023-02,2024-01
2020-01,1622,DS03,7,2023-02,2024-01
2020-01,1821,DS03,7,2023-02,2024-01
2020-01,1625,DS03,4,2023-02,2024-01
2020-01,1703,DS03,8,2023-02,2024-01
2020-01,1613,DS03,5,2023-01,2024-01
2020-01,1607,DS03,6,2023-01,2024-01
2020-01,1638,DS03,5,2023-01,2024-01
2020-01,3141,DV02,5,2023-01,2024-01
2020-01,4429,HF02,3,2021-02,2024-01
2020-01,1649,DS03,INGRESO,2020-01,2024-01
2020-01,3108,DV02,5,2022-02,2024-01
2020-01,3130,DV02,4,2021-02,2024-01
2020-01,3102,DV02,4,2022-01,2024-01
2020-01,3121,DV02,INGRESO,2020-01,2024-01
2020-01,4483,HF02,6,2023-02,2024-01
2020-01,4406,HF02,8,2023-02,2024-01
2020-01,4487,HF02,7,2023-02,2024-01
2020-01,4409,HF02,6,2023-02,2024-01
2020-01,4457,HF02,5,2023-02,2024-01
2020-01,4468,HF02,4,2023-02,2024-01
2020-01,4421,HF02,5,2023-02,2024-01
2020-01,4460,HF02,5,2023-02,2024-01
2020-01,4501,HF02,6,2023-02,2024-01
2020-01,1690,DS03,5,2023-01,2024-01
2020-01,1665,DS03,4,2023-02,2024-01
2020-01,4638,HF02,2,2023-02,2024-01
2020-01,3132,DV02,4,2023-02,2024-01
2020-01,3124,DV02,5,2023-01,2024-01
2020-01,4465,HF02,5,2023-01,2024-01
2020-01,4527,HF02,6,2023-02,2024-01
2020-01,4510,HF02,3,2021-01,2024-01
2020-01,4445,HF02,6,2023-02,2024-01
2020-01,4523,HF02,3,2022-02,2024-01
2020-01,1632,DS03,5,2022-02,2024-01
2020-01,3120,DV02,4,2022-01,2024-01
2020-01,3164,DV02,5,2022-02,2024-01
2020-01,4515,HF02,8,2023-02,2024-01
2020-01,4464,HF02,8,2023-02,2024-01
2020-01,1719,DS03,5,2023-01,2024-01
2020-01,1680,DS03,8,2023-02,2024-01
2020-01,1635,DS03,7,2023-02,2024-01
2020-01,1655,DS03,5,2023-01,2024-01
2020-01,1721,DS03,5,2022-02,2024-01
2020-01,3163,DV02,2,2022-02,2024-01
2020-01,4505,HF02,8,2023-02,2024-01
2020-01,4493,HF02,6,2023-02,2024-01
2020-01,1673,DS03,7,2023-02,2024-01
2020-01,1617,DS03,7,2023-02,2024-01
2020-01,1678,DS03,5,2022-02,2024-01
2020-01,3155,DV02,4,2022-02,2024-01
2020-01,1636,DS03,8,2023-02,2024-01
2020-01,4424,HF02,8,2023-02,2024-01
2020-01,4467,HF02,8,2023-02,2024-01
2020-01,4434,HF02,5,2023-02,2024-01
2020-01,1640,DS03,7,2023-02,2024-01
2020-01,1624,DS03,8,2023-02,2024-01
2020-01,1675,DS03,7,2023-02,2024-01
2020-01,1627,DS03,5,2023-01,2024-01
2020-01,3122,DV02,8,2023-02,2024-01
2020-01,4514,HF02,4,2023-01,2024-01
2020-01,4495,HF02,5,2023-02,2024-01
2020-01,4470,HF02,8,2023-02,2024-01
2020-01,3111,DV02,5,2022-02,2024-01
2020-01,4398,HF02,6,2023-02,2024-01
2020-01,4455,HF02,3,2021-02,2024-01
2020-01,4431,HF02,8,2023-02,2024-01
2020-01,4430,HF02,6,2023-02,2024-01
2020-01,4471,HF02,8,2023-02,2024-01
2020-01,4443,HF02,4,2023-02,2024-01
2020-01,1652,DS03,7,2023-02,2024-01
2020-01,1693,DS03,4,2023-02,2024-01
2020-01,1631,DS03,2,2023-02,2024-01
2020-01,3134,DV02,7,2023-01,2024-01
2020-01,1694,DS03,2,2021-02,2024-01
2020-01,1614,DS03,2,2022-02,2024-01
2020-01,1682,DS03,8,2023-02,2024-01
2020-01,1626,DS03,6,2023-02,2024-01
2020-01,1701,DS03,4,2022-01,2024-01
2020-01,1711,DS03,5,2022-02,2024-01
2020-01,3162,DV02,7,2023-01,2024-01
2020-01,4489,HF02,8,2023-02,2024-01
2020-01,4496,HF02,7,2023-02,2024-01
2020-01,1637,DS03,7,2023-01,2024-01
2020-01,1603,DS03,7,2023-02,2024-01
2020-01,1700,DS03,3,2021-02,2024-01
2020-01,1681,DS03,5,2022-02,2024-01
2020-01,1691,DS03,4,2023-02,2024-01
2020-01,1633,DS03,INGRESO,2020-01,2024-01
2020-01,1619,DS03,4,2023-01,2024-01
2020-01,1604,DS03,7,2023-02,2024-01
2020-01,3169,DV02,8,2023-02,2024-01
2020-01,4437,HF02,8,2023-02,2024-01
2020-01,3100,DV02,5,2023-01,2024-01
2020-01,4448,HF02,8,2023-02,2024-01
2020-01,1621,DS03,7,2023-02,2024-01
2020-01,1709,DS03,7,2023-02,2024-01
2020-01,1713,DS03,8,2023-02,2024-01
2021-01,4569,HF02,4,2023-02,2024-01
2021-01,4644,HF02,1,2021-02,2024-01
2021-01,3267,DV02,5,2023-02,2024-01
2021-01,3247,DV02,5,2023-02,2024-01
2021-01,3184,DV02,6,2023-02,2024-01
2021-01,3243,DV02,4,2023-02,2024-01
2021-01,3204,DV02,5,2023-02,2024-01
2021-01,3192,DV02,6,2023-02,2024-01
2021-01,3242,DV02,5,2023-02,2024-01
2021-01,3194,DV02,6,2023-02,2024-01
2021-01,4568,HF02,6,2023-02,2024-01
2021-01,4618,HF02,5,2023-01,2024-01
2021-01,1764,DS03,2,2023-02,2024-01
2021-01,1798,DS03,4,2023-02,2024-01
2021-01,1727,DS03,4,2023-01,2024-01
2021-01,1748,DS03,6,2023-02,2024-01
2021-01,1801,DS03,4,2023-02,2024-01
2021-01,4649,HF02,2,2022-01,2024-01
2021-01,1773,DS03,INGRESO,2021-01,2024-01
2021-01,3261,DV02,1,2022-01,2024-01
2021-01,4593,HF02,4,2023-02,2024-01
2021-01,4642,HF02,4,2023-02,2024-01
2021-01,1767,DS03,4,2023-01,2024-01
2021-01,4537,HF02,2,2021-02,2024-01
2021-01,4548,HF02,4,2023-02,2024-01
2021-01,1758,DS03,4,2023-02,2024-01
2021-01,3207,DV02,5,2023-02,2024-01
2021-01,3206,DV02,6,2023-02,2024-01
2021-01,3188,DV02,5,2023-02,2024-01
2021-01,3224,DV02,3,2023-01,2024-01
2021-01,3217,DV02,3,2023-01,2024-01
2021-01,3202,DV02,4,2023-02,2024-01
2021-01,4558,HF02,4,2023-02,2024-01
2021-01,4544,HF02,6,2023-02,2024-01
2021-01,4581,HF02,5,2023-02,2024-01
2021-01,1737,DS03,3,2023-02,2024-01
2021-01,4536,HF02,5,2023-01,2024-01
2021-01,4553,HF02,5,2023-01,2024-01
2021-01,3259,DV02,5,2023-02,2024-01
2021-01,4549,HF02,2,2021-02,2024-01
2021-01,4564,HF02,2,2021-02,2024-01
2021-01,4591,HF02,6,2023-02,2024-01
2021-01,4567,HF02,2,2023-02,2024-01
2021-01,4587,HF02,2,2023-02,2024-01
2021-01,1797,DS03,4,2023-02,2024-01
2021-01,1743,DS03,4,2023-02,2024-01
2021-01,1751,DS03,5,2023-01,2024-01
2021-01,1732,DS03,6,2023-02,2024-01
2021-01,1725,DS03,3,2023-02,2024-01
2021-01,3265,DV02,5,2023-02,2024-01
2021-01,3209,DV02,4,2023-01,2024-01
2021-01,4574,HF02,2,2021-02,2024-01
2021-01,4597,HF02,2,2022-01,2024-01
2021-01,4634,HF02,2,2022-01,2024-01
2021-01,4629,HF02,1,2021-02,2024-01
2021-01,1750,DS03,INGRESO,2021-01,2024-01
2021-01,4647,HF02,5,2023-02,2024-01
2021-01,4586,HF02,4,2023-02,2024-01
2021-01,4612,HF02,4,2023-02,2024-01
2021-01,4561,HF02,4,2023-02,2024-01
2021-01,4584,HF02,2,2023-02,2024-01
2021-01,4599,HF02,6,2023-02,2024-01
2021-01,4617,HF02,5,2023-02,2024-01
2021-01,4604,HF02,4,2023-01,2024-01
2021-01,4566,HF02,5,2023-02,2024-01
2021-01,4651,HF02,4,2023-02,2024-01
2021-01,4648,HF02,2,2023-02,2024-01
2021-01,4627,HF02,3,2023-01,2024-01
2021-01,4551,HF02,2,2023-01,2024-01
2021-01,1778,DS03,3,2023-02,2024-01
2021-01,1747,DS03,3,2023-01,2024-01
2021-01,1806,DS03,4,2023-02,2024-01
2021-01,1771,DS03,6,2023-02,2024-01
2021-01,1731,DS03,4,2023-02,2024-01
2021-01,1786,DS03,3,2023-01,2024-01
2021-01,1756,DS03,3,2023-02,2024-01
2021-01,1777,DS03,2,2023-01,2024-01
2021-01,3249,DV02,5,2023-02,2024-01
2021-01,3199,DV02,5,2023-02,2024-01
2021-01,3210,DV02,3,2023-01,2024-01
2021-01,3255,DV02,5,2023-02,2024-01
2021-01,3213,DV02,4,2023-02,2024-01
2021-01,3264,DV02,5,2023-02,2024-01
2021-01,3198,DV02,3,2023-02,2024-01
2021-01,4609,HF02,3,2022-02,2024-01
2021-01,4546,HF02,2,2021-02,2024-01
2021-01,1816,DS03,INGRESO,2021-01,2024-01
2021-01,1746,DS03,2,2022-02,2024-01
2021-01,3228,DV02,2,2021-02,2024-01
2021-01,4550,HF02,5,2023-02,2024-01
2021-01,4555,HF02,5,2023-02,2024-01
2021-01,3220,DV02,5,2023-01,2024-01
2021-01,3258,DV02,6,2023-02,2024-01
2021-01,3195,DV02,4,2023-01,2024-01
2021-01,3348,DV02,5,2023-02,2024-01
2021-01,3225,DV02,5,2023-02,2024-01
2021-01,3178,DV02,5,2023-02,2024-01
2021-01,3196,DV02,4,2023-02,2024-01
2021-01,3233,DV02,4,2023-02,2024-01
2021-01,4605,HF02,2,2021-02,2024-01
2021-01,4632,HF02,2,2021-02,2024-01
2021-01,3212,DV02,2,2022-01,2024-01
2021-01,3176,DV02,3,2022-01,2024-01
2021-01,4639,HF02,5,2023-01,2024-01
2021-01,4560,HF02,4,2023-01,2024-01
2021-01,4565,HF02,4,2023-02,2024-01
2021-01,1766,DS03,6,2023-02,2024-01
2021-01,1726,DS03,6,2023-02,2024-01
2021-01,1728,DS03,6,2023-02,2024-01
2021-01,1794,DS03,5,2023-02,2024-01
2021-01,3180,DV02,5,2023-02,2024-01
2021-01,4594,HF02,2,2022-01,2024-01
2021-01,4601,HF02,2,2022-01,2024-01
2021-01,4577,HF02,3,2022-02,2024-01
2021-01,4625,HF02,1,2021-02,2024-01
2021-01,4600,HF02,3,2023-01,2024-01
2021-01,4663,HF02,2,2022-01,2024-01
2021-01,4665,HF02,4,2023-02,2024-01
2021-01,4613,HF02,4,2023-02,2024-01
2021-01,4615,HF02,2,2021-02,2024-01
2021-01,4559,HF02,6,2023-02,2024-01
2021-01,4575,HF02,2,2021-02,2024-01
2021-01,4582,HF02,2,2021-02,2024-01
2021-01,4598,HF02,6,2023-02,2024-01
2021-01,4552,HF02,3,2023-01,2024-01
2021-01,1749,DS03,4,2023-02,2024-01
2021-01,1736,DS03,4,2023-02,2024-01
2021-01,1759,DS03,4,2023-02,2024-01
2021-01,1811,DS03,3,2023-02,2024-01
2021-01,3238,DV02,4,2023-01,2024-01
2021-01,3251,DV02,5,2023-02,2024-01
2021-01,3246,DV02,4,2023-01,2024-01
2021-01,4556,HF02,5,2023-01,2024-01
2021-01,4602,HF02,6,2023-02,2024-01
2021-01,4541,HF02,6,2023-02,2024-01
2021-01,1776,DS03,3,2023-01,2024-01
2021-01,1819,DS03,5,2023-02,2024-01
2021-01,1730,DS03,5,2023-02,2024-01
2021-01,4576,HF02,2,2021-02,2024-01
2021-01,4779,HF02,2,2022-02,2024-01
2021-01,4633,HF02,6,2023-02,2024-01
2021-01,1800,DS03,2,2023-01,2024-01
2021-01,1754,DS03,4,2023-02,2024-01
2021-01,1803,DS03,3,2023-02,2024-01
2021-01,3187,DV02,4,2023-02,2024-01
2021-01,1768,DS03,3,2023-01,2024-01
2021-01,3266,DV02,5,2023-02,2024-01
2021-01,3232,DV02,4,2023-02,2024-01
2021-01,1744,DS03,6,2023-02,2024-01
2021-01,4545,HF02,1,2021-02,2024-01
2021-01,4547,HF02,6,2023-02,2024-01
2021-01,1781,DS03,2,2022-01,2024-01
2021-01,3244,DV02,5,2023-02,2024-01
2021-01,3248,DV02,2,2021-02,2024-01
2021-01,1760,DS03,INGRESO,2021-01,2024-01
2021-01,1788,DS03,INGRESO,2021-01,2024-01
2021-01,3514,DV02,2,2024-01,2024-01
2022-01,4745,HF02,1,2022-02,2024-01
2022-01,4673,HF02,3,2023-01,2024-01
2022-01,4712,HF02,2,2023-01,2024-01
2022-01,4715,HF02,4,2023-02,2024-01
2022-01,1932,DS03,3,2023-02,2024-01
2022-01,1906,DS03,1,2023-01,2024-01
2022-01,3281,DV02,4,2023-02,2024-01
2022-01,3322,DV02,3,2023-02,2024-01
2022-01,4658,HF02,3,2023-02,2024-01
2022-01,4751,HF02,2,2023-01,2024-01
2022-01,4717,HF02,2,2023-01,2024-01
2022-01,1917,DS03,4,2023-02,2024-01
2022-01,1863,DS03,4,2023-02,2024-01
2022-01,1836,DS03,4,2023-02,2024-01
2022-01,1866,DS03,3,2023-01,2024-01
2022-01,3335,DV02,3,2023-02,2024-01
2022-01,4718,HF02,1,2022-02,2024-01
2022-01,4740,HF02,INGRESO,2022-01,2024-01
2022-01,1831,DS03,2,2023-02,2024-01
2022-01,1933,DS03,2,2023-01,2024-01
2022-01,1914,DS03,4,2023-02,2024-01
2022-01,3297,DV02,4,2023-02,2024-01
2022-01,3280,DV02,1,2022-01,2024-01
2022-01,3277,DV02,2,2022-02,2024-01
2022-01,4698,HF02,2,2023-01,2024-01
2022-01,4732,HF02,4,2023-02,2024-01
2022-01,4695,HF02,2,2023-01,2024-01
2022-01,4682,HF02,2,2023-01,2024-01
2022-01,4659,HF02,2,2023-01,2024-01
2022-01,4761,HF02,3,2023-02,2024-01
2022-01,4736,HF02,4,2023-02,2024-01
2022-01,4702,HF02,3,2023-01,2024-01
2022-01,4705,HF02,2,2023-01,2024-01
2022-01,4686,HF02,2,2023-01,2024-01
2022-01,4700,HF02,2,2023-01,2024-01
2022-01,4758,HF02,2,2023-02,2024-01
2022-01,1922,DS03,3,2023-02,2024-01
2022-01,1877,DS03,4,2023-02,2024-01
2022-01,1854,DS03,3,2023-02,2024-01
2022-01,1833,DS03,3,2023-01,2024-01
2022-01,1900,DS03,2,2023-02,2024-01
2022-01,1947,DS03,3,2023-02,2024-01
2022-01,1846,DS03,4,2023-02,2024-01
2022-01,1851,DS03,2,2023-02,2024-01
2022-01,1888,DS03,2,2023-02,2024-01
2022-01,1879,DS03,3,2023-01,2024-01
2022-01,1822,DS03,4,2023-02,2024-01
2022-01,1852,DS03,3,2023-02,2024-01
2022-01,1915,DS03,3,2023-02,2024-01
2022-01,1928,DS03,2,2023-01,2024-01
2022-01,3337,DV02,4,2023-02,2024-01
2022-01,3341,DV02,2,2023-02,2024-01
2022-01,3290,DV02,2,2023-01,2024-01
2022-01,3276,DV02,4,2023-02,2024-01
2022-01,3323,DV02,4,2023-02,2024-01
2022-01,4687,HF02,2,2022-02,2024-01
2022-01,4742,HF02,2,2022-02,2024-01
2022-01,4733,HF02,2,2022-02,2024-01
2022-01,4729,HF02,2,2022-02,2024-01
2022-01,4721,HF02,2,2022-02,2024-01
2022-01,4689,HF02,2,2022-02,2024-01
2022-01,1897,DS03,1,2022-02,2024-01
2022-01,3303,DV02,2,2022-02,2024-01
2022-01,3302,DV02,1,2022-01,2024-01
2022-01,4709,HF02,4,2023-02,2024-01
2022-01,4728,HF02,3,2023-01,2024-01
2022-01,4754,HF02,2,2023-02,2024-01
2022-01,4708,HF02,3,2023-01,2024-01
2022-01,4660,HF02,3,2023-01,2024-01
2022-01,4741,HF02,3,2023-01,2024-01
2022-01,4707,HF02,3,2023-02,2024-01
2022-01,4676,HF02,2,2023-02,2024-01
2022-01,4696,HF02,2,2023-01,2024-01
2022-01,1934,DS03,3,2023-02,2024-01
2022-01,1883,DS03,3,2023-02,2024-01
2022-01,1925,DS03,3,2023-02,2024-01
2022-01,3278,DV02,4,2023-02,2024-01
2022-01,3307,DV02,4,2023-02,2024-01
2022-01,3345,DV02,2,2022-02,2024-01
2022-01,3300,DV02,2,2022-02,2024-01
2022-01,4678,HF02,3,2023-02,2024-01
2022-01,4691,HF02,4,2023-02,2024-01
2022-01,4744,HF02,4,2023-02,2024-01
2022-01,1872,DS03,4,2023-02,2024-01
2022-01,3282,DV02,2,2023-01,2024-01
2022-01,4752,HF02,2,2022-02,2024-01
2022-01,4694,HF02,INGRESO,2022-01,2024-01
2022-01,4679,HF02,2,2023-01,2024-01
2022-01,4670,HF02,1,2022-01,2024-01
2022-01,4703,HF02,2,2023-02,2024-01
2022-01,4704,HF02,2,2023-02,2024-01
2022-01,4688,HF02,2,2023-02,2024-01
2022-01,4755,HF02,1,2022-02,2024-01
2022-01,4737,HF02,2,2023-02,2024-01
2022-01,1923,DS03,2,2023-02,2024-01
2022-01,1869,DS03,4,2023-02,2024-01
2022-01,1916,DS03,3,2023-02,2024-01
2022-01,1839,DS03,4,2023-02,2024-01
2022-01,1878,DS03,3,2023-01,2024-01
2022-01,3332,DV02,4,2023-02,2024-01
2022-01,3275,DV02,4,2023-02,2024-01
2022-01,3288,DV02,4,2023-02,2024-01
2022-01,4669,HF02,2,2022-02,2024-01
2022-01,4753,HF02,2,2023-02,2024-01
2022-01,1826,DS03,2,2022-02,2024-01
2022-01,4692,HF02,2,2023-01,2024-01
2022-01,4720,HF02,2,2022-02,2024-01
2022-01,4719,HF02,4,2023-02,2024-01
2022-01,4749,HF02,2,2022-02,2024-01
2022-01,4697,HF02,2,2023-01,2024-01
2022-01,4666,HF02,2,2023-02,2024-01
2022-01,4756,HF02,3,2023-01,2024-01
2022-01,4757,HF02,2,2023-01,2024-01
2022-01,4661,HF02,1,2022-01,2024-01
2022-01,4722,HF02,2,2022-02,2024-01
2022-01,4671,HF02,2,2023-01,2024-01
2022-01,4684,HF02,4,2023-02,2024-01
2022-01,4760,HF02,2,2022-02,2024-01
2022-01,4699,HF02,3,2023-01,2024-01
2022-01,4662,HF02,3,2023-02,2024-01
2022-01,4725,HF02,2,2023-02,2024-01
2022-01,1847,DS03,3,2023-01,2024-01
2022-01,3310,DV02,3,2023-02,2024-01
2022-01,1887,DS03,2,2022-02,2024-01
2022-01,1875,DS03,INGRESO,2022-01,2024-01
2022-01,4768,HF02,2,2022-02,2024-01
2022-01,4680,HF02,4,2023-02,2024-01
2022-01,4675,HF02,2,2023-01,2024-01
2022-01,4747,HF02,3,2023-02,2024-01
2022-01,1889,DS03,2,2023-02,2024-01
2022-01,3319,DV02,2,2023-01,2024-01
2022-01,3315,DV02,2,2023-02,2024-01
2022-01,4693,HF02,3,2023-02,2024-01
2022-01,4723,HF02,4,2023-02,2024-01
2022-01,1894,DS03,4,2023-02,2024-01
2022-01,1823,DS03,2,2023-02,2024-01
2022-01,1832,DS03,3,2023-01,2024-01
2022-01,1927,DS03,2,2023-02,2024-01
2022-01,3329,DV02,2,2023-02,2024-01
2022-01,3308,DV02,3,2023-01,2024-01
2022-01,1871,DS03,2,2022-02,2024-01
2022-01,4674,HF02,3,2023-01,2024-01
2022-01,3339,DV02,3,2023-01,2024-01
2022-01,3330,DV02,4,2023-02,2024-01
2022-01,1908,DS03,4,2023-02,2024-01
2022-01,3292,DV02,4,2023-02,2024-01
2022-01,1859,DS03,3,2023-02,2024-01
2022-01,1941,DS03,2,2023-02,2024-01
2022-01,1884,DS03,2,2023-02,2024-01
2022-01,1845,DS03,1,2023-01,2024-01
2022-01,3311,DV02,3,2023-01,2024-01
2022-01,1862,DS03,1,2022-01,2024-01
2022-01,1842,DS03,1,2022-01,2024-01
2022-01,1943,DS03,INGRESO,2022-01,2024-01
2022-01,1870,DS03,4,2023-02,2024-01
2022-01,3320,DV02,4,2023-02,2024-01
2022-01,3338,DV02,4,2023-02,2024-01
2022-01,3283,DV02,1,2023-02,2024-01
2022-01,3286,DV02,3,2023-02,2024-01
2022-01,1829,DS03,4,2023-02,2024-01
2022-01,1899,DS03,3,2023-01,2024-01
2022-01,1867,DS03,INGRESO,2022-01,2024-01
2022-01,1881,DS03,3,2023-02,2024-01
2022-01,1911,DS03,1,2022-01,2024-01
2022-01,3328,DV02,1,2023-01,2024-01
2022-01,1828,DS03,2,2023-01,2024-01
2022-01,1919,DS03,2,2023-01,2024-01
2022-01,1931,DS03,INGRESO,2022-01,2024-01
2022-01,1898,DS03,1,2022-02,2024-01
2022-01,1949,DS03,2,2023-01,2024-01
2022-01,1844,DS03,3,2023-02,2024-01
2022-01,3274,DV02,4,2023-02,2024-01
2022-01,1843,DS03,3,2023-02,2024-01
2022-01,3318,DV02,3,2023-01,2024-01
2022-01,3305,DV02,1,2023-01,2024-01
2022-01,1841,DS03,4,2023-02,2024-01
2022-01,3340,DV02,3,2023-02,2024-01
2022-01,3287,DV02,4,2023-02,2024-01
2022-02,1955,DS03,1,2023-02,2024-01
2022-02,1953,DS03,1,2023-02,2024-01
2023-01,1979,DS03,1,2023-02,2024-01
2023-01,2091,DS03,2,2023-02,2024-01
2023-01,1989,DS03,2,2023-02,2024-01
2023-01,2086,DS03,2,2023-02,2024-01
2023-01,4858,HF02,1,2023-01,2024-01
2023-01,4948,HF02,1,2023-01,2024-01
2023-01,4887,HF02,1,2023-01,2024-01
2023-01,1968,DS03,2,2023-02,2024-01
2023-01,2036,DS03,1,2023-01,2024-01
2023-01,3369,DV02,1,2023-01,2024-01
2023-01,4834,HF02,1,2023-01,2024-01
2023-01,4893,HF02,1,2023-01,2024-01
2023-01,4862,HF02,1,2023-01,2024-01
2023-01,4966,HF02,INGRESO,2023-01,2024-01
2023-01,4958,HF02,INGRESO,2023-01,2024-01
2023-01,4827,HF02,1,2023-01,2024-01
2023-01,4793,HF02,1,2023-01,2024-01
2023-01,4853,HF02,1,2023-02,2024-01
2023-01,4811,HF02,1,2023-02,2024-01
2023-01,4962,HF02,1,2023-01,2024-01
2023-01,4814,HF02,INGRESO,2023-01,2024-01
2023-01,4856,HF02,INGRESO,2023-01,2024-01
2023-01,4942,HF02,1,2023-02,2024-01
2023-01,4997,HF02,2,2023-02,2024-01
2023-01,4852,HF02,1,2023-01,2024-01
2023-01,4874,HF02,1,2023-01,2024-01
2023-01,4839,HF02,1,2023-01,2024-01
2023-01,4908,HF02,INGRESO,2023-01,2024-01
2023-01,2089,DS03,INGRESO,2023-01,2024-01
2023-01,1981,DS03,2,2023-02,2024-01
2023-01,2005,DS03,1,2023-02,2024-01
2023-01,1969,DS03,2,2023-02,2024-01
2023-01,2077,DS03,2,2023-02,2024-01
2023-01,1977,DS03,1,2023-02,2024-01
2023-01,2081,DS03,1,2023-01,2024-01
2023-01,2088,DS03,2,2023-02,2024-01
2023-01,2068,DS03,1,2023-01,2024-01
2023-01,2021,DS03,1,2023-01,2024-01
2023-01,1997,DS03,2,2023-02,2024-01
2023-01,2033,DS03,2,2023-02,2024-01
2023-01,2044,DS03,1,2023-01,2024-01
2023-01,3356,DV02,1,2023-01,2024-01
2023-01,3367,DV02,1,2023-01,2024-01
2023-01,3420,DV02,1,2023-01,2024-01
2023-01,3360,DV02,1,2023-01,2024-01
2023-01,3413,DV02,1,2023-01,2024-01
2023-01,3376,DV02,1,2023-01,2024-01
2023-01,3397,DV02,1,2023-01,2024-01
2023-01,3383,DV02,1,2023-01,2024-01
2023-01,2101,DS03,4,2023-01,2024-01
2023-01,4955,HF02,INGRESO,2023-01,2024-01
2023-01,4803,HF02,1,2023-01,2024-01
2023-01,4913,HF02,INGRESO,2023-01,2024-01
2023-01,4840,HF02,1,2023-02,2024-01
2023-01,4846,HF02,INGRESO,2023-01,2024-01
2023-01,4857,HF02,1,2023-01,2024-01
2023-01,4833,HF02,1,2023-01,2024-01
2023-01,4995,HF02,2,2023-02,2024-01
2023-01,4822,HF02,1,2023-02,2024-01
2023-01,4951,HF02,INGRESO,2023-01,2024-01
2023-01,5004,HF02,INGRESO,2023-01,2024-01
2023-01,4816,HF02,1,2023-02,2024-01
2023-01,4838,HF02,INGRESO,2023-01,2024-01
2023-01,4970,HF02,INGRESO,2023-01,2024-01
2023-01,4939,HF02,INGRESO,2023-01,2024-01
2023-01,4952,HF02,1,2023-02,2024-01
2023-01,4831,HF02,1,2023-02,2024-01
2023-01,4848,HF02,1,2023-01,2024-01
2023-01,4805,HF02,1,2023-01,2024-01
2023-01,4904,HF02,1,2023-01,2024-01
2023-01,4935,HF02,1,2023-02,2024-01
2023-01,4808,HF02,INGRESO,2023-01,2024-01
2023-01,4941,HF02,INGRESO,2023-01,2024-01
2023-01,4895,HF02,INGRESO,2023-01,2024-01
2023-01,4931,HF02,INGRESO,2023-01,2024-01
2023-01,2047,DS03,1,2023-02,2024-01
2023-01,2004,DS03,2,2023-02,2024-01
2023-01,1994,DS03,1,2023-02,2024-01
2023-01,4928,HF02,1,2023-02,2024-01
2023-01,1985,DS03,1,2023-01,2024-01
2023-01,1988,DS03,1,2023-01,2024-01
2023-01,2026,DS03,1,2023-01,2024-01
2023-01,2016,DS03,1,2023-02,2024-01
2023-01,4842,HF02,INGRESO,2023-01,2024-01
2023-01,4829,HF02,1,2023-01,2024-01
2023-01,4898,HF02,INGRESO,2023-01,2024-01
2023-01,2015,DS03,1,2023-01,2024-01
2023-01,2001,DS03,INGRESO,2023-01,2024-01
2023-01,2076,DS03,INGRESO,2023-01,2024-01
2023-01,2027,DS03,INGRESO,2023-01,2024-01
2023-01,1959,DS03,1,2023-02,2024-01
2023-01,2060,DS03,2,2023-02,2024-01
2023-01,4804,HF02,INGRESO,2023-01,2024-01
2023-01,4903,HF02,1,2023-02,2024-01
2023-01,4818,HF02,1,2023-01,2024-01
2023-01,4940,HF02,1,2023-01,2024-01
2023-01,4820,HF02,INGRESO,2023-01,2024-01
2023-01,4801,HF02,INGRESO,2023-01,2024-01
2023-01,4825,HF02,INGRESO,2023-01,2024-01
2023-01,4882,HF02,1,2023-02,2024-01
2023-01,4876,HF02,1,2023-01,2024-01
2023-01,4925,HF02,INGRESO,2023-01,2024-01
2023-01,4870,HF02,INGRESO,2023-01,2024-01
2023-01,4946,HF02,1,2023-02,2024-01
2023-01,4799,HF02,1,2023-02,2024-01
2023-01,4824,HF02,INGRESO,2023-01,2024-01
2023-01,4794,HF02,1,2023-01,2024-01
2023-01,4815,HF02,1,2023-02,2024-01
2023-01,4979,HF02,INGRESO,2023-01,2024-01
2023-01,4800,HF02,1,2023-02,2024-01
2023-01,4894,HF02,1,2023-02,2024-01
2023-01,4890,HF02,1,2023-02,2024-01
2023-01,4872,HF02,INGRESO,2023-01,2024-01
2023-01,4819,HF02,INGRESO,2023-01,2024-01
2023-01,4992,HF02,1,2023-02,2024-01
2023-01,4888,HF02,1,2023-02,2024-01
2023-01,4983,HF02,INGRESO,2023-01,2024-01
2023-01,4938,HF02,INGRESO,2023-01,2024-01
2023-01,4906,HF02,1,2023-02,2024-01
2023-01,4810,HF02,INGRESO,2023-01,2024-01
2023-01,4927,HF02,1,2023-02,2024-01
2023-01,4986,HF02,1,2023-02,2024-01
2023-01,4902,HF02,1,2023-02,2024-01
2023-01,4944,HF02,1,2023-02,2024-01
2023-01,4885,HF02,1,2023-02,2024-01
2023-01,4795,HF02,1,2023-02,2024-01
2023-01,4914,HF02,1,2023-02,2024-01
2023-01,4850,HF02,1,2023-01,2024-01
2023-01,4867,HF02,1,2023-01,2024-01
2023-01,4835,HF02,INGRESO,2023-01,2024-01
2023-01,4873,HF02,1,2023-02,2024-01
2023-01,4797,HF02,INGRESO,2023-01,2024-01
2023-01,4877,HF02,1,2023-01,2024-01
2023-01,3389,DV02,1,2023-01,2024-01
2023-01,3390,DV02,1,2023-01,2024-01
2023-01,3407,DV02,INGRESO,2023-01,2024-01
2023-01,3386,DV02,INGRESO,2023-01,2024-01
2023-01,4963,HF02,1,2023-01,2024-01
2023-01,4802,HF02,1,2023-01,2024-01
2023-01,4975,HF02,1,2023-01,2024-01
2023-01,4880,HF02,1,2023-01,2024-01
2023-01,4863,HF02,1,2023-01,2024-01
2023-01,4892,HF02,1,2023-01,2024-01
2023-01,4864,HF02,1,2023-01,2024-01
2023-01,4991,HF02,1,2023-01,2024-01
2023-01,4912,HF02,1,2023-02,2024-01
2023-01,4994,HF02,6,2023-02,2024-01
2023-01,4901,HF02,1,2023-01,2024-01
2023-01,4959,HF02,1,2023-02,2024-01
2023-01,4982,HF02,1,2023-02,2024-01
2023-01,4969,HF02,1,2023-01,2024-01
2023-01,4922,HF02,1,2023-01,2024-01
2023-01,1956,DS03,1,2023-02,2024-01
2023-01,2073,DS03,INGRESO,2023-01,2024-01
2023-01,1993,DS03,1,2023-02,2024-01
2023-01,2075,DS03,INGRESO,2023-01,2024-01
2023-01,1975,DS03,2,2023-02,2024-01
2023-01,2079,DS03,1,2023-01,2024-01
2023-01,1986,DS03,1,2023-01,2024-01
2023-01,2008,DS03,1,2023-01,2024-01
2023-01,3404,DV02,1,2023-01,2024-01
2023-01,4929,HF02,INGRESO,2023-01,2024-01
2023-01,4859,HF02,1,2023-02,2024-01
2023-01,4947,HF02,1,2023-01,2024-01
2023-01,4813,HF02,1,2023-02,2024-01
2023-01,4957,HF02,INGRESO,2023-01,2024-01
2023-01,4897,HF02,1,2023-02,2024-01
2023-01,4832,HF02,1,2023-01,2024-01
2023-01,4950,HF02,INGRESO,2023-01,2024-01
2023-01,4910,HF02,1,2023-01,2024-01
2023-01,4980,HF02,INGRESO,2023-01,2024-01
2023-01,4932,HF02,INGRESO,2023-01,2024-01
2023-01,4821,HF02,1,2023-01,2024-01
2023-01,4960,HF02,1,2023-01,2024-01
2023-01,4823,HF02,1,2023-01,2024-01
2023-01,4949,HF02,1,2023-01,2024-01
2023-01,4933,HF02,1,2023-02,2024-01
2023-01,4972,HF02,1,2023-01,2024-01
2023-01,4869,HF02,INGRESO,2023-01,2024-01
2023-01,4921,HF02,1,2023-02,2024-01
2023-01,4830,HF02,INGRESO,2023-01,2024-01
2023-01,4836,HF02,1,2023-01,2024-01
2023-01,4847,HF02,1,2023-01,2024-01
2023-01,4937,HF02,1,2023-01,2024-01
2023-01,4918,HF02,1,2023-01,2024-01
2023-01,4990,HF02,1,2023-01,2024-01
2023-01,4875,HF02,1,2023-01,2024-01
2023-01,4976,HF02,1,2023-01,2024-01
2023-01,4812,HF02,1,2023-01,2024-01
2023-01,4974,HF02,1,2023-01,2024-01
2023-01,4851,HF02,1,2023-01,2024-01
2023-01,4844,HF02,INGRESO,2023-01,2024-01
2023-01,4977,HF02,1,2023-02,2024-01
2023-01,4855,HF02,1,2023-02,2024-01
2023-01,4845,HF02,1,2023-01,2024-01
2023-01,4896,HF02,1,2023-01,2024-01
2023-01,4843,HF02,1,2023-01,2024-01
2023-01,4971,HF02,1,2023-01,2024-01
2023-01,4968,HF02,1,2023-01,2024-01
2023-01,4828,HF02,INGRESO,2023-01,2024-01
2023-01,4984,HF02,INGRESO,2023-01,2024-01
2023-01,4809,HF02,1,2023-02,2024-01
2023-01,4996,HF02,1,2023-01,2024-01
2023-01,4954,HF02,1,2023-01,2024-01
2023-01,4826,HF02,1,2023-01,2024-01
2023-01,4961,HF02,1,2023-01,2024-01
2023-01,4900,HF02,1,2023-01,2024-01
2023-01,4841,HF02,1,2023-01,2024-01
2023-01,4871,HF02,1,2023-01,2024-01
2023-01,4905,HF02,1,2023-02,2024-01
2023-01,4854,HF02,1,2023-01,2024-01
2023-01,4817,HF02,1,2023-01,2024-01
2023-01,4920,HF02,1,2023-02,2024-01
2023-01,4987,HF02,1,2023-01,2024-01
2023-01,4868,HF02,1,2023-01,2024-01
2023-01,4956,HF02,1,2023-01,2024-01
2023-01,4866,HF02,1,2023-01,2024-01
2023-01,4964,HF02,1,2023-01,2024-01
2023-01,4926,HF02,1,2023-02,2024-01
2023-01,2083,DS03,2,2023-02,2024-01
2023-01,2032,DS03,1,2023-02,2024-01
2023-01,1965,DS03,1,2023-02,2024-01
2023-01,2022,DS03,1,2023-02,2024-01
2023-01,2084,DS03,1,2023-02,2024-01
2023-01,2049,DS03,1,2023-02,2024-01
2023-01,1987,DS03,INGRESO,2023-01,2024-01
2023-01,1967,DS03,2,2023-02,2024-01
2023-01,2037,DS03,2,2023-02,2024-01
2023-01,1990,DS03,1,2023-02,2024-01
2023-01,1983,DS03,INGRESO,2023-01,2024-01
2023-01,2048,DS03,1,2023-01,2024-01
2023-01,3362,DV02,1,2023-01,2024-01
2023-01,3382,DV02,1,2023-01,2024-01
2023-01,3365,DV02,1,2023-01,2024-01
2023-01,3358,DV02,1,2023-01,2024-01
2023-01,3361,DV02,1,2023-02,2024-01
2023-01,3403,DV02,1,2023-01,2024-01
2023-01,3406,DV02,1,2023-01,2024-01
2023-01,2053,DS03,1,2023-02,2024-01
2023-01,1999,DS03,1,2023-01,2024-01
2023-01,2092,DS03,1,2023-01,2024-01
2023-01,2093,DS03,1,2023-01,2024-01
2023-01,2024,DS03,2,2023-02,2024-01
2023-01,2064,DS03,INGRESO,2023-01,2024-01
2023-01,2061,DS03,1,2023-01,2024-01
2023-01,2003,DS03,2,2023-02,2024-01
2023-01,3364,DV02,1,2023-01,2024-01
2023-01,3415,DV02,2,2023-02,2024-01
2023-01,3381,DV02,1,2023-01,2024-01
2023-01,3399,DV02,2,2023-02,2024-01
2023-01,3401,DV02,INGRESO,2023-01,2024-01
2023-01,3370,DV02,1,2023-01,2024-01
2023-01,2085,DS03,1,2023-02,2024-01
2023-01,1958,DS03,2,2023-02,2024-01
2023-01,2074,DS03,1,2023-02,2024-01
2023-01,2042,DS03,INGRESO,2023-01,2024-01
2023-01,2023,DS03,1,2023-02,2024-01
2023-01,2014,DS03,1,2023-02,2024-01
2023-01,2080,DS03,INGRESO,2023-01,2024-01
2023-01,2035,DS03,1,2023-02,2024-01
2023-01,3388,DV02,1,2023-01,2024-01
2023-01,3355,DV02,1,2023-01,2024-01
2023-01,3380,DV02,1,2023-02,2024-01
2023-01,1996,DS03,1,2023-02,2024-01
2023-01,2082,DS03,INGRESO,2023-01,2024-01
2023-01,2099,DS03,INGRESO,2023-01,2024-01
2023-01,2039,DS03,1,2023-02,2024-01
2023-01,1966,DS03,1,2023-02,2024-01
2023-01,2057,DS03,1,2023-02,2024-01
2023-01,2046,DS03,INGRESO,2023-01,2024-01
2023-01,2009,DS03,INGRESO,2023-01,2024-01
2023-01,1978,DS03,INGRESO,2023-01,2024-01
2023-01,2006,DS03,1,2023-01,2024-01
2023-01,1972,DS03,INGRESO,2023-01,2024-01
2023-01,2095,DS03,INGRESO,2023-01,2024-01
2023-01,2050,DS03,1,2023-01,2024-01
2023-01,2066,DS03,1,2023-01,2024-01
2023-01,3422,DV02,2,2023-02,2024-01
2023-01,3405,DV02,2,2023-02,2024-01
2023-01,2028,DS03,INGRESO,2023-01,2024-01
2023-01,1974,DS03,1,2023-01,2024-01
2023-01,2020,DS03,1,2023-01,2024-01
2023-01,2034,DS03,INGRESO,2023-01,2024-01
2023-01,1964,DS03,1,2023-02,2024-01
2023-01,2087,DS03,1,2023-02,2024-01
2023-01,1976,DS03,2,2023-02,2024-01
2023-01,2054,DS03,INGRESO,2023-01,2024-01
2023-01,2055,DS03,INGRESO,2023-01,2024-01
2023-01,2063,DS03,2,2023-02,2024-01
2023-01,1998,DS03,1,2023-02,2024-01
2023-01,2007,DS03,1,2023-02,2024-01
2023-01,2002,DS03,INGRESO,2023-01,2024-01
2023-01,3393,DV02,1,2023-01,2024-01
2023-01,3368,DV02,1,2023-01,2024-01
2023-01,3391,DV02,1,2023-02,2024-01
2023-01,3366,DV02,INGRESO,2023-01,2024-01
2023-01,2058,DS03,INGRESO,2023-01,2024-01
2023-01,2025,DS03,1,2023-01,2024-01
2023-01,2038,DS03,1,2023-01,2024-01
2023-01,2067,DS03,1,2023-02,2024-01
2023-01,1982,DS03,1,2023-02,2024-01
2023-01,2043,DS03,1,2023-01,2024-01
2023-01,2059,DS03,INGRESO,2023-01,2024-01
2023-01,2051,DS03,2,2023-02,2024-01
2023-01,2018,DS03,2,2023-02,2024-01
2023-01,2040,DS03,2,2023-02,2024-01
2023-01,2031,DS03,2,2023-02,2024-01
2023-01,2017,DS03,1,2023-02,2024-01
2023-01,1970,DS03,2,2023-02,2024-01
2023-01,1973,DS03,2,2023-02,2024-01
2023-01,2029,DS03,1,2023-02,2024-01
2023-01,2056,DS03,2,2023-02,2024-01
2023-01,3387,DV02,1,2023-01,2024-01
2023-01,3410,DV02,1,2023-01,2024-01
2023-01,3395,DV02,1,2023-01,2024-01
2023-01,3418,DV02,2,2023-02,2024-01
2023-01,3394,DV02,1,2023-01,2024-01
2023-01,3412,DV02,INGRESO,2023-01,2024-01
2023-02,2104,DS03,INGRESO,2023-02,2024-01
2023-02,2103,DS03,INGRESO,2023-02,2024-01
2024-01,5082,HF02,INGRESO,2024-01,2024-01
2024-01,5171,HF02,INGRESO,2024-01,2024-01
2024-01,5068,HF02,INGRESO,2024-01,2024-01
2024-01,5041,HF02,INGRESO,2024-01,2024-01
2024-01,5028,HF02,INGRESO,2024-01,2024-01
2024-01,5114,HF02,INGRESO,2024-01,2024-01
2024-01,5205,HF02,INGRESO,2024-01,2024-01
2024-01,5059,HF02,INGRESO,2024-01,2024-01
2024-01,5023,HF02,INGRESO,2024-01,2024-01
2024-01,5159,HF02,INGRESO,2024-01,2024-01
2024-01,5073,HF02,INGRESO,2024-01,2024-01
2024-01,5055,HF02,INGRESO,2024-01,2024-01
2024-01,5187,HF02,INGRESO,2024-01,2024-01
2024-01,5106,HF02,INGRESO,2024-01,2024-01
2024-01,5031,HF02,INGRESO,2024-01,2024-01
2024-01,5081,HF02,INGRESO,2024-01,2024-01
2024-01,5063,HF02,INGRESO,2024-01,2024-01
2024-01,5153,HF02,INGRESO,2024-01,2024-01
2024-01,5045,HF02,INGRESO,2024-01,2024-01
2024-01,5074,HF02,INGRESO,2024-01,2024-01
2024-01,5085,HF02,INGRESO,2024-01,2024-01
2024-01,5062,HF02,INGRESO,2024-01,2024-01
2024-01,5167,HF02,INGRESO,2024-01,2024-01
2024-01,5067,HF02,INGRESO,2024-01,2024-01
2024-01,5137,HF02,INGRESO,2024-01,2024-01
2024-01,5212,HF02,INGRESO,2024-01,2024-01
2024-01,5204,HF02,INGRESO,2024-01,2024-01
2024-01,5168,HF02,INGRESO,2024-01,2024-01
2024-01,5130,HF02,INGRESO,2024-01,2024-01
2024-01,5166,HF02,INGRESO,2024-01,2024-01
2024-01,5111,HF02,INGRESO,2024-01,2024-01
2024-01,5173,HF02,INGRESO,2024-01,2024-01
2024-01,5161,HF02,INGRESO,2024-01,2024-01
2024-01,5208,HF02,INGRESO,2024-01,2024-01
2024-01,5116,HF02,INGRESO,2024-01,2024-01
2024-01,5100,HF02,INGRESO,2024-01,2024-01
2024-01,5099,HF02,INGRESO,2024-01,2024-01
2024-01,5214,HF02,INGRESO,2024-01,2024-01
2024-01,5172,HF02,INGRESO,2024-01,2024-01
2024-01,5217,HF02,INGRESO,2024-01,2024-01
2024-01,5121,HF02,INGRESO,2024-01,2024-01
2024-01,5052,HF02,INGRESO,2024-01,2024-01
2024-01,5016,HF02,INGRESO,2024-01,2024-01
2024-01,5142,HF02,INGRESO,2024-01,2024-01
2024-01,5119,HF02,INGRESO,2024-01,2024-01
2024-01,5021,HF02,INGRESO,2024-01,2024-01
2024-01,5088,HF02,INGRESO,2024-01,2024-01
2024-01,5107,HF02,INGRESO,2024-01,2024-01
2024-01,5211,HF02,INGRESO,2024-01,2024-01
2024-01,5127,HF02,INGRESO,2024-01,2024-01
2024-01,5066,HF02,INGRESO,2024-01,2024-01
2024-01,5158,HF02,INGRESO,2024-01,2024-01
2024-01,5064,HF02,INGRESO,2024-01,2024-01
2024-01,5120,HF02,INGRESO,2024-01,2024-01
2024-01,5123,HF02,INGRESO,2024-01,2024-01
2024-01,5061,HF02,INGRESO,2024-01,2024-01
2024-01,5086,HF02,INGRESO,2024-01,2024-01
2024-01,5188,HF02,INGRESO,2024-01,2024-01
2024-01,5146,HF02,INGRESO,2024-01,2024-01
2024-01,5013,HF02,INGRESO,2024-01,2024-01
2024-01,5150,HF02,INGRESO,2024-01,2024-01
2024-01,5163,HF02,INGRESO,2024-01,2024-01
2024-01,5155,HF02,INGRESO,2024-01,2024-01
2024-01,5070,HF02,INGRESO,2024-01,2024-01
2024-01,5218,HF02,INGRESO,2024-01,2024-01
2024-01,5072,HF02,INGRESO,2024-01,2024-01
2024-01,5143,HF02,INGRESO,2024-01,2024-01
2024-01,5210,HF02,INGRESO,2024-01,2024-01
2024-01,5054,HF02,INGRESO,2024-01,2024-01
2024-01,5118,HF02,INGRESO,2024-01,2024-01
2024-01,5219,HF02,INGRESO,2024-01,2024-01
2024-01,5026,HF02,INGRESO,2024-01,2024-01
2024-01,5110,HF02,INGRESO,2024-01,2024-01
2024-01,5042,HF02,INGRESO,2024-01,2024-01
2024-01,5017,HF02,INGRESO,2024-01,2024-01
2024-01,5050,HF02,INGRESO,2024-01,2024-01
2024-01,5203,HF02,INGRESO,2024-01,2024-01
2024-01,5027,HF02,INGRESO,2024-01,2024-01
2024-01,5056,HF02,INGRESO,2024-01,2024-01
2024-01,5242,HF02,INGRESO,2024-01,2024-01
2024-01,5176,HF02,INGRESO,2024-01,2024-01
2024-01,5065,HF02,INGRESO,2024-01,2024-01
2024-01,5122,HF02,INGRESO,2024-01,2024-01
2024-01,5220,HF02,INGRESO,2024-01,2024-01
2024-01,5035,HF02,INGRESO,2024-01,2024-01
2024-01,5174,HF02,INGRESO,2024-01,2024-01
2024-01,5012,HF02,INGRESO,2024-01,2024-01
2024-01,5144,HF02,INGRESO,2024-01,2024-01
2024-01,5069,HF02,INGRESO,2024-01,2024-01
2024-01,5083,HF02,INGRESO,2024-01,2024-01
2024-01,5060,HF02,INGRESO,2024-01,2024-01
2024-01,5058,HF02,INGRESO,2024-01,2024-01
2024-01,5090,HF02,INGRESO,2024-01,2024-01
2024-01,5039,HF02,INGRESO,2024-01,2024-01
2024-01,5193,HF02,INGRESO,2024-01,2024-01
2024-01,5092,HF02,INGRESO,2024-01,2024-01
2024-01,5040,HF02,INGRESO,2024-01,2024-01
2024-01,5015,HF02,INGRESO,2024-01,2024-01
2024-01,5198,HF02,INGRESO,2024-01,2024-01
2024-01,5048,HF02,INGRESO,2024-01,2024-01
2024-01,5096,HF02,INGRESO,2024-01,2024-01
2024-01,5222,HF02,INGRESO,2024-01,2024-01
2024-01,5180,HF02,INGRESO,2024-01,2024-01
2024-01,5113,HF02,INGRESO,2024-01,2024-01
2024-01,5184,HF02,INGRESO,2024-01,2024-01
2024-01,5075,HF02,INGRESO,2024-01,2024-01
2024-01,5044,HF02,INGRESO,2024-01,2024-01
2024-01,5183,HF02,INGRESO,2024-01,2024-01
2024-01,5046,HF02,INGRESO,2024-01,2024-01
2024-01,5057,HF02,INGRESO,2024-01,2024-01
2024-01,5157,HF02,INGRESO,2024-01,2024-01
2024-01,5087,HF02,INGRESO,2024-01,2024-01
2024-01,5125,HF02,INGRESO,2024-01,2024-01
2024-01,5192,HF02,INGRESO,2024-01,2024-01
2024-01,5033,HF02,INGRESO,2024-01,2024-01
2024-01,5147,HF02,INGRESO,2024-01,2024-01
2024-01,5139,HF02,INGRESO,2024-01,2024-01
2024-01,5043,HF02,INGRESO,2024-01,2024-01
2024-01,5101,HF02,INGRESO,2024-01,2024-01
2024-01,5179,HF02,INGRESO,2024-01,2024-01
2024-01,5202,HF02,INGRESO,2024-01,2024-01
2024-01,5160,HF02,INGRESO,2024-01,2024-01
2024-01,5209,HF02,INGRESO,2024-01,2024-01
2024-01,5077,HF02,INGRESO,2024-01,2024-01
2024-01,5109,HF02,INGRESO,2024-01,2024-01
2024-01,5195,HF02,INGRESO,2024-01,2024-01
2024-01,5156,HF02,INGRESO,2024-01,2024-01
2024-01,5190,HF02,INGRESO,2024-01,2024-01
2024-01,5037,HF02,INGRESO,2024-01,2024-01
2024-01,5141,HF02,INGRESO,2024-01,2024-01
2024-01,5177,HF02,INGRESO,2024-01,2024-01
2024-01,5047,HF02,INGRESO,2024-01,2024-01
2024-01,5093,HF02,INGRESO,2024-01,2024-01
2024-01,5169,HF02,INGRESO,2024-01,2024-01
2024-01,5053,HF02,INGRESO,2024-01,2024-01
2024-01,5132,HF02,INGRESO,2024-01,2024-01
2024-01,5014,HF02,INGRESO,2024-01,2024-01
2024-01,5071,HF02,INGRESO,2024-01,2024-01
2024-01,5197,HF02,INGRESO,2024-01,2024-01
2024-01,5080,HF02,INGRESO,2024-01,2024-01
2024-01,5175,HF02,INGRESO,2024-01,2024-01
2024-01,5207,HF02,INGRESO,2024-01,2024-01
2024-01,5102,HF02,INGRESO,2024-01,2024-01
2024-01,5199,HF02,INGRESO,2024-01,2024-01
2024-01,5094,HF02,INGRESO,2024-01,2024-01
2024-01,5079,HF02,INGRESO,2024-01,2024-01
2024-01,5126,HF02,INGRESO,2024-01,2024-01
2024-01,5201,HF02,INGRESO,2024-01,2024-01
2024-01,5095,HF02,INGRESO,2024-01,2024-01
2024-01,5076,HF02,INGRESO,2024-01,2024-01
2024-01,5152,HF02,INGRESO,2024-01,2024-01
2024-01,5105,HF02,INGRESO,2024-01,2024-01
2024-01,5170,HF02,INGRESO,2024-01,2024-01
2024-01,5185,HF02,INGRESO,2024-01,2024-01
2024-01,5134,HF02,INGRESO,2024-01,2024-01
2024-01,5034,HF02,INGRESO,2024-01,2024-01
2024-01,5097,HF02,INGRESO,2024-01,2024-01
2024-01,5194,HF02,INGRESO,2024-01,2024-01
2024-01,5022,HF02,INGRESO,2024-01,2024-01
2024-01,5200,HF02,INGRESO,2024-01,2024-01
2024-01,5223,HF02,INGRESO,2024-01,2024-01
2024-01,5165,HF02,INGRESO,2024-01,2024-01
2024-01,5145,HF02,INGRESO,2024-01,2024-01
2024-01,5091,HF02,INGRESO,2024-01,2024-01
2024-01,5025,HF02,INGRESO,2024-01,2024-01
2024-01,5149,HF02,INGRESO,2024-01,2024-01
2024-01,5030,HF02,INGRESO,2024-01,2024-01
2024-01,5196,HF02,INGRESO,2024-01,2024-01
2024-01,5038,HF02,INGRESO,2024-01,2024-01
2024-01,5098,HF02,INGRESO,2024-01,2024-01
2024-01,5164,HF02,INGRESO,2024-01,2024-01
2024-01,5148,HF02,INGRESO,2024-01,2024-01
2024-01,5154,HF02,INGRESO,2024-01,2024-01
2024-01,5117,HF02,INGRESO,2024-01,2024-01
2024-01,5029,HF02,INGRESO,2024-01,2024-01
2024-01,5135,HF02,INGRESO,2024-01,2024-01
2024-01,5206,HF02,INGRESO,2024-01,2024-01
2024-01,5178,HF02,INGRESO,2024-01,2024-01
2024-01,5221,HF02,INGRESO,2024-01,2024-01
2024-01,5032,HF02,INGRESO,2024-01,2024-01
2024-01,5112,HF02,INGRESO,2024-01,2024-01
2024-01,5138,HF02,INGRESO,2024-01,2024-01
2024-01,5019,HF02,INGRESO,2024-01,2024-01
2024-01,5051,HF02,INGRESO,2024-01,2024-01
2024-01,5020,HF02,INGRESO,2024-01,2024-01
2024-01,5049,HF02,INGRESO,2024-01,2024-01
2024-01,5108,HF02,INGRESO,2024-01,2024-01
2024-01,5078,HF02,INGRESO,2024-01,2024-01
2024-01,5151,HF02,INGRESO,2024-01,2024-01
2024-01,5189,HF02,INGRESO,2024-01,2024-01
2024-01,5124,HF02,INGRESO,2024-01,2024-01
2024-01,5131,HF02,INGRESO,2024-01,2024-01
2024-01,5216,HF02,INGRESO,2024-01,2024-01
2024-01,5036,HF02,INGRESO,2024-01,2024-01
2024-01,5182,HF02,INGRESO,2024-01,2024-01
2024-01,5129,HF02,INGRESO,2024-01,2024-01
2024-01,5104,HF02,INGRESO,2024-01,2024-01
2024-01,2105,DS03,INGRESO,2024-01,2024-01
2024-01,2210,DS03,INGRESO,2024-01,2024-01
2024-01,2121,DS03,INGRESO,2024-01,2024-01
2024-01,2118,DS03,INGRESO,2024-01,2024-01
2024-01,2165,DS03,INGRESO,2024-01,2024-01
2024-01,2181,DS03,INGRESO,2024-01,2024-01
2024-01,2197,DS03,INGRESO,2024-01,2024-01
2024-01,2200,DS03,INGRESO,2024-01,2024-01
2024-01,2152,DS03,INGRESO,2024-01,2024-01
2024-01,2188,DS03,INGRESO,2024-01,2024-01
2024-01,2218,DS03,INGRESO,2024-01,2024-01
2024-01,2114,DS03,INGRESO,2024-01,2024-01
2024-01,2130,DS03,INGRESO,2024-01,2024-01
2024-01,2219,DS03,INGRESO,2024-01,2024-01
2024-01,2154,DS03,INGRESO,2024-01,2024-01
2024-01,2109,DS03,INGRESO,2024-01,2024-01
2024-01,2213,DS03,INGRESO,2024-01,2024-01
2024-01,2138,DS03,INGRESO,2024-01,2024-01
2024-01,2117,DS03,INGRESO,2024-01,2024-01
2024-01,2203,DS03,INGRESO,2024-01,2024-01
2024-01,2122,DS03,INGRESO,2024-01,2024-01
2024-01,2113,DS03,INGRESO,2024-01,2024-01
2024-01,2226,DS03,INGRESO,2024-01,2024-01
2024-01,2227,DS03,INGRESO,2024-01,2024-01
2024-01,2201,DS03,INGRESO,2024-01,2024-01
2024-01,2106,DS03,INGRESO,2024-01,2024-01
2024-01,2164,DS03,INGRESO,2024-01,2024-01
2024-01,2217,DS03,INGRESO,2024-01,2024-01
2024-01,2153,DS03,INGRESO,2024-01,2024-01
2024-01,2190,DS03,INGRESO,2024-01,2024-01
2024-01,2198,DS03,INGRESO,2024-01,2024-01
2024-01,2204,DS03,INGRESO,2024-01,2024-01
2024-01,2137,DS03,INGRESO,2024-01,2024-01
2024-01,2150,DS03,INGRESO,2024-01,2024-01
2024-01,2143,DS03,INGRESO,2024-01,2024-01
2024-01,2135,DS03,INGRESO,2024-01,2024-01
2024-01,2236,DS03,INGRESO,2024-01,2024-01
2024-01,2146,DS03,INGRESO,2024-01,2024-01
2024-01,2212,DS03,INGRESO,2024-01,2024-01
2024-01,2119,DS03,INGRESO,2024-01,2024-01
2024-01,2127,DS03,INGRESO,2024-01,2024-01
2024-01,2140,DS03,INGRESO,2024-01,2024-01
2024-01,2206,DS03,INGRESO,2024-01,2024-01
2024-01,2111,DS03,INGRESO,2024-01,2024-01
2024-01,2183,DS03,INGRESO,2024-01,2024-01
2024-01,2221,DS03,INGRESO,2024-01,2024-01
2024-01,2178,DS03,INGRESO,2024-01,2024-01
2024-01,2148,DS03,INGRESO,2024-01,2024-01
2024-01,2158,DS03,INGRESO,2024-01,2024-01
2024-01,2196,DS03,INGRESO,2024-01,2024-01
2024-01,2132,DS03,INGRESO,2024-01,2024-01
2024-01,2120,DS03,INGRESO,2024-01,2024-01
2024-01,2184,DS03,INGRESO,2024-01,2024-01
2024-01,2151,DS03,INGRESO,2024-01,2024-01
2024-01,2107,DS03,INGRESO,2024-01,2024-01
2024-01,2194,DS03,INGRESO,2024-01,2024-01
2024-01,2133,DS03,INGRESO,2024-01,2024-01
2024-01,2172,DS03,INGRESO,2024-01,2024-01
2024-01,2192,DS03,INGRESO,2024-01,2024-01
2024-01,2115,DS03,INGRESO,2024-01,2024-01
2024-01,2225,DS03,INGRESO,2024-01,2024-01
2024-01,2223,DS03,INGRESO,2024-01,2024-01
2024-01,2222,DS03,INGRESO,2024-01,2024-01
2024-01,2182,DS03,INGRESO,2024-01,2024-01
2024-01,2162,DS03,INGRESO,2024-01,2024-01
2024-01,2131,DS03,INGRESO,2024-01,2024-01
2024-01,2110,DS03,INGRESO,2024-01,2024-01
2024-01,2157,DS03,INGRESO,2024-01,2024-01
2024-01,2179,DS03,INGRESO,2024-01,2024-01
2024-01,2166,DS03,INGRESO,2024-01,2024-01
2024-01,2144,DS03,INGRESO,2024-01,2024-01
2024-01,2173,DS03,INGRESO,2024-01,2024-01
2024-01,2167,DS03,INGRESO,2024-01,2024-01
2024-01,2142,DS03,INGRESO,2024-01,2024-01
2024-01,2171,DS03,INGRESO,2024-01,2024-01
2024-01,2199,DS03,INGRESO,2024-01,2024-01
2024-01,2149,DS03,INGRESO,2024-01,2024-01
2024-01,2163,DS03,INGRESO,2024-01,2024-01
2024-01,2139,DS03,INGRESO,2024-01,2024-01
2024-01,2176,DS03,INGRESO,2024-01,2024-01
2024-01,2205,DS03,INGRESO,2024-01,2024-01
2024-01,2125,DS03,INGRESO,2024-01,2024-01
2024-01,2180,DS03,INGRESO,2024-01,2024-01
2024-01,2124,DS03,INGRESO,2024-01,2024-01
2024-01,2175,DS03,INGRESO,2024-01,2024-01
2024-01,2216,DS03,INGRESO,2024-01,2024-01
2024-01,2141,DS03,INGRESO,2024-01,2024-01
2024-01,2209,DS03,INGRESO,2024-01,2024-01
2024-01,2160,DS03,INGRESO,2024-01,2024-01
2024-01,2193,DS03,INGRESO,2024-01,2024-01
2024-01,2155,DS03,INGRESO,2024-01,2024-01
2024-01,2128,DS03,INGRESO,2024-01,2024-01
2024-01,2169,DS03,INGRESO,2024-01,2024-01
2024-01,2202,DS03,INGRESO,2024-01,2024-01
2024-01,2129,DS03,INGRESO,2024-01,2024-01
2024-01,2187,DS03,INGRESO,2024-01,2024-01
2024-01,2208,DS03,INGRESO,2024-01,2024-01
2024-01,2159,DS03,INGRESO,2024-01,2024-01
2024-01,2161,DS03,INGRESO,2024-01,2024-01
2024-01,2185,DS03,INGRESO,2024-01,2024-01
2024-01,2156,DS03,INGRESO,2024-01,2024-01
2024-01,2215,DS03,INGRESO,2024-01,2024-01
2024-01,2220,DS03,INGRESO,2024-01,2024-01
2024-01,2168,DS03,INGRESO,2024-01,2024-01
2024-01,2174,DS03,INGRESO,2024-01,2024-01
2024-01,2147,DS03,INGRESO,2024-01,2024-01
2024-01,2189,DS03,INGRESO,2024-01,2024-01
2024-01,2123,DS03,INGRESO,2024-01,2024-01
2024-01,2145,DS03,INGRESO,2024-01,2024-01
2024-01,2112,DS03,INGRESO,2024-01,2024-01
2024-01,2177,DS03,INGRESO,2024-01,2024-01
2024-01,2207,DS03,INGRESO,2024-01,2024-01
2024-01,2191,DS03,INGRESO,2024-01,2024-01
2024-01,2126,DS03,INGRESO,2024-01,2024-01
2024-01,2108,DS03,INGRESO,2024-01,2024-01
2024-01,2116,DS03,INGRESO,2024-01,2024-01
2024-01,2195,DS03,INGRESO,2024-01,2024-01
2024-01,2136,DS03,INGRESO,2024-01,2024-01
2024-01,3443,DV02,INGRESO,2024-01,2024-01
2024-01,3503,DV02,INGRESO,2024-01,2024-01
2024-01,3501,DV02,INGRESO,2024-01,2024-01
2024-01,3444,DV02,INGRESO,2024-01,2024-01
2024-01,3446,DV02,INGRESO,2024-01,2024-01
2024-01,3486,DV02,INGRESO,2024-01,2024-01
2024-01,3449,DV02,INGRESO,2024-01,2024-01
2024-01,3468,DV02,INGRESO,2024-01,2024-01
2024-01,3474,DV02,INGRESO,2024-01,2024-01
2024-01,3496,DV02,INGRESO,2024-01,2024-01
2024-01,3457,DV02,INGRESO,2024-01,2024-01
2024-01,3490,DV02,INGRESO,2024-01,2024-01
2024-01,3461,DV02,INGRESO,2024-01,2024-01
2024-01,3436,DV02,INGRESO,2024-01,2024-01
2024-01,3499,DV02,INGRESO,2024-01,2024-01
2024-01,3492,DV02,INGRESO,2024-01,2024-01
2024-01,3442,DV02,INGRESO,2024-01,2024-01
2024-01,3477,DV02,INGRESO,2024-01,2024-01
2024-01,3433,DV02,INGRESO,2024-01,2024-01
2024-01,3592,DV02,x,x,2024-01
2024-01,3587,DV02,INGRESO,2024-01,2024-01
2024-01,3540,DV02,INGRESO,2024-01,2024-01
2024-01,3475,DV02,INGRESO,2024-01,2024-01
2024-01,3491,DV02,INGRESO,2024-01,2024-01
2024-01,3482,DV02,INGRESO,2024-01,2024-01
2024-01,3470,DV02,INGRESO,2024-01,2024-01
2024-01,3528,DV02,INGRESO,2024-01,2024-01
2024-01,3458,DV02,INGRESO,2024-01,2024-01
2024-01,3465,DV02,INGRESO,2024-01,2024-01
2024-01,3447,DV02,INGRESO,2024-01,2024-01
2024-01,3453,DV02,INGRESO,2024-01,2024-01
2024-01,3586,DV02,INGRESO,2024-01,2024-01
2024-01,3451,DV02,INGRESO,2024-01,2024-01
2024-01,3483,DV02,INGRESO,2024-01,2024-01
2024-01,3441,DV02,INGRESO,2024-01,2024-01
2024-01,3500,DV02,INGRESO,2024-01,2024-01
2024-01,3439,DV02,INGRESO,2024-01,2024-01
2024-01,3476,DV02,INGRESO,2024-01,2024-01
2024-01,3583,DV02,INGRESO,2024-01,2024-01
2024-01,3484,DV02,INGRESO,2024-01,2024-01
2024-01,3437,DV02,INGRESO,2024-01,2024-01
2024-01,3481,DV02,INGRESO,2024-01,2024-01
2024-01,3471,DV02,INGRESO,2024-01,2024-01
2024-01,3488,DV02,INGRESO,2024-01,2024-01
2024-01,3463,DV02,INGRESO,2024-01,2024-01
2024-01,3466,DV02,INGRESO,2024-01,2024-01
2024-01,3521,DV02,INGRESO,2024-01,2024-01
2024-01,3454,DV02,INGRESO,2024-01,2024-01
2024-01,3552,DV02,INGRESO,2024-01,2024-01
2024-01,3452,DV02,INGRESO,2024-01,2024-01
2024-01,3545,DV02,INGRESO,2024-01,2024-01
2024-01,3434,DV02,INGRESO,2024-01,2024-01
2024-01,3524,DV02,INGRESO,2024-01,2024-01
2024-01,3529,DV02,INGRESO,2024-01,2024-01
2024-01,3548,DV02,INGRESO,2024-01,2024-01
2024-01,3589,DV02,INGRESO,2024-01,2024-01
2024-01,3464,DV02,INGRESO,2024-01,2024-01
2024-01,3455,DV02,INGRESO,2024-01,2024-01
2024-01,3467,DV02,INGRESO,2024-01,2024-01
2024-01,3494,DV02,INGRESO,2024-01,2024-01
2024-01,3479,DV02,INGRESO,2024-01,2024-01
2024-01,3469,DV02,INGRESO,2024-01,2024-01
2024-01,3438,DV02,INGRESO,2024-01,2024-01
2024-01,3450,DV02,INGRESO,2024-01,2024-01
2024-01,3489,DV02,INGRESO,2024-01,2024-01
2024-01,3544,DV02,x,x,2024-01
2024-01,3448,DV02,INGRESO,2024-01,2024-01
2024-01,3478,DV02,INGRESO,2024-01,2024-01
2024-01,3456,DV02,INGRESO,2024-01,2024-01
2024-01,3498,DV02,INGRESO,2024-01,2024-01
2024-01,3502,DV02,INGRESO,2024-01,2024-01
2024-01,3445,DV02,INGRESO,2024-01,2024-01
2024-01,3487,DV02,INGRESO,2024-01,2024-01
2024-01,3460,DV02,INGRESO,2024-01,2024-01
2024-01,3549,DV02,1,2024-01,2024-01
2024-01,3590,DV02,3,2022-01,2024-01
2024-01,3585,DV02,4,2024-01,2024-01
2024-01,3527,DV02,INGRESO,2024-01,2024-01
x,x,x,x,x,x
